week_start,week_idx,month,week_of_year,spend_meta,spend_google,spend_influencer,spend_email_sms,spend_affiliate,spend_tv_ooh,festive_flag,payday_week,sale_event_flag,promo_flag,avg_price,discount_rate,coupon_usage_pct,impressions_meta,clicks_meta,ctr_meta,cpc_meta,impressions_google,clicks_google,ctr_google,cpc_google,impressions_influencer,clicks_influencer,ctr_influencer,cpc_influencer,impressions_affiliate,clicks_affiliate,ctr_affiliate,cpc_affiliate,email_sends,email_opens,email_open_rate,grps_tv_ooh,website_sessions,direct_traffic,branded_search_index,category_search_index,app_installs,consumer_confidence,stock_out_flag,delivery_delay_flag,units_sold,orders,returns_pct,avg_order_value,gross_revenue,revenue,calendar_festive_window,festive_flag_mismatch
2024-01-01,0,1,1,161873.0,101750.0,55201.0,14808.0,30652.0,59412.0,1,1,0,1,1004.0,22.4,36.9,1502100.0,17513.0,1.17,9.24,461468.0,22900.0,4.96,4.44,746560.0,7042.0,0.94,7.84,523509.0,13897.0,2.65,2.21,29616.0,6393.0,21.59,8.3,24773.0,6644.0,104.1,117.4,257.0,100.0,0,0,5955.0,5195.0,4.0,857.0,4639564.0,4453982.0,0,1
2024-01-08,1,1,2,115947.0,83692.0,54823.0,16906.0,74642.0,26256.0,0,0,0,1,998.0,17.9,25.5,918966.0,8882.0,0.97,13.05,309079.0,12785.0,4.14,6.55,741535.0,6366.0,0.86,8.61,1336244.0,25616.0,1.92,2.91,33812.0,10073.0,29.79,3.2,26481.0,7297.0,109.8,117.2,278.0,101.6,0,0,6331.0,5453.0,3.0,923.0,5187355.0,5031735.0,0,0
2024-01-15,2,1,3,181861.0,125400.0,65470.0,15827.0,75820.0,71216.0,0,0,0,0,992.0,4.9,6.4,1561515.0,14719.0,0.94,12.36,487662.0,24057.0,4.93,5.21,1057688.0,7838.0,0.74,8.35,1342063.0,25518.0,1.9,2.97,31654.0,6807.0,21.51,8.7,27163.0,6770.0,108.1,117.7,356.0,98.6,0,0,6819.0,5691.0,4.3,1082.0,6432990.0,6156371.0,0,0
2024-01-22,3,1,4,191190.0,105851.0,49847.0,16631.0,67960.0,69959.0,0,0,0,0,1001.0,5.1,6.7,1848801.0,24591.0,1.33,7.77,439991.0,18069.0,4.11,5.86,724249.0,6608.0,0.91,7.54,1240904.0,25174.0,2.03,2.7,33262.0,7507.0,22.57,8.4,29345.0,6831.0,108.2,121.3,268.0,96.5,0,0,6906.0,6081.0,4.2,1034.0,6560348.0,6284813.0,0,0
2024-01-29,4,1,5,93025.0,82625.0,71619.0,13583.0,48873.0,112279.0,0,0,0,0,996.0,1.7,2.5,826971.0,8142.0,0.98,11.42,404705.0,20758.0,5.13,3.98,978928.0,10028.0,1.02,7.14,814425.0,18337.0,2.25,2.67,27166.0,5743.0,21.14,11.6,26238.0,6445.0,107.5,117.3,267.0,93.4,0,1,6757.0,5663.0,10.6,1044.0,6615562.0,5914313.0,0,0
2024-02-05,5,2,6,109681.0,90682.0,86814.0,17248.0,67989.0,119753.0,0,1,0,0,997.0,6.3,9.4,957079.0,9288.0,0.97,11.81,408324.0,23957.0,5.87,3.79,1224903.0,9548.0,0.78,9.09,1160997.0,21693.0,1.87,3.13,34496.0,7877.0,22.83,13.4,27007.0,8025.0,108.7,118.3,351.0,94.4,1,0,5580.0,5021.0,4.5,991.0,5212775.0,4978200.0,0,0
2024-02-12,6,2,7,157209.0,118531.0,64503.0,19267.0,45571.0,76918.0,0,0,0,0,1006.0,4.5,7.7,1598661.0,17503.0,1.09,8.98,518542.0,22995.0,4.43,5.15,1026816.0,9978.0,0.97,6.46,791242.0,14671.0,1.85,3.11,38534.0,9216.0,23.92,10.6,29307.0,7905.0,107.8,113.0,278.0,93.2,0,0,7343.0,6468.0,3.7,1050.0,7054640.0,6793619.0,0,0
2024-02-19,7,2,8,141041.0,131906.0,69299.0,13060.0,48327.0,56083.0,0,0,0,0,991.0,4.5,7.1,1179142.0,12831.0,1.09,10.99,511507.0,17693.0,3.46,7.46,1113192.0,10425.0,0.94,6.65,814630.0,18496.0,2.27,2.61,26120.0,5681.0,21.75,5.7,30099.0,7290.0,108.4,113.0,322.0,93.6,0,0,6949.0,6326.0,4.5,993.0,6576568.0,6280623.0,0,0
2024-02-26,8,2,9,152385.0,166636.0,62609.0,13235.0,32806.0,87428.0,0,0,0,0,1010.0,3.0,4.8,1299627.0,12829.0,0.99,11.88,621074.0,26169.0,4.21,6.37,837839.0,8251.0,0.98,7.59,529666.0,11086.0,2.09,2.96,26470.0,6956.0,26.28,10.1,29521.0,7560.0,108.0,115.6,237.0,95.7,0,1,7251.0,6156.0,8.7,1054.0,7103805.0,6485774.0,0,0
2024-03-04,9,3,10,123946.0,200584.0,61641.0,18493.0,51380.0,55447.0,0,1,0,0,991.0,2.7,4.8,1145999.0,12153.0,1.06,10.2,854606.0,44584.0,5.22,4.5,877601.0,8770.0,1.0,7.03,833859.0,13049.0,1.56,3.94,36986.0,8334.0,22.53,6.7,29165.0,8366.0,104.1,114.9,291.0,95.2,0,0,7742.0,6976.0,3.4,1034.0,7465169.0,7211354.0,0,0
2024-03-11,10,3,11,191608.0,121917.0,0.0,14722.0,46515.0,70307.0,0,0,0,0,997.0,2.7,3.9,1797160.0,22911.0,1.27,8.36,446564.0,21474.0,4.81,5.68,0.0,0.0,0.0,0.0,726168.0,12537.0,1.73,3.71,29444.0,6655.0,22.6,10.5,26720.0,7307.0,104.4,113.4,231.0,96.3,0,0,7362.0,6561.0,4.2,1043.0,7141736.0,6841783.0,0,0
2024-03-18,11,3,12,187270.0,92254.0,69274.0,18720.0,30949.0,109701.0,0,0,0,0,1018.0,3.6,5.2,1771415.0,17689.0,1.0,10.59,362044.0,16786.0,4.64,5.5,914548.0,6779.0,0.74,10.22,533512.0,12776.0,2.39,2.42,37440.0,7521.0,20.09,14.8,26669.0,7063.0,102.1,110.3,256.0,96.3,0,0,6985.0,5911.0,2.7,1128.0,6854744.0,6669666.0,0,0
2024-03-25,12,3,13,157135.0,73556.0,60114.0,14206.0,45118.0,54789.0,0,0,0,0,1012.0,5.1,8.9,1536526.0,14299.0,0.93,10.99,291535.0,14807.0,5.08,4.97,854954.0,7217.0,0.84,8.33,746332.0,15664.0,2.1,2.88,28412.0,6518.0,22.94,6.5,27847.0,8098.0,98.2,108.9,330.0,98.1,0,0,7460.0,6465.0,4.0,1064.0,7164494.0,6877915.0,0,0
2024-04-01,13,4,14,205389.0,119104.0,129787.0,18903.0,44801.0,101246.0,0,1,1,1,1004.0,18.8,25.3,1897072.0,23367.0,1.23,8.79,541165.0,25810.0,4.77,4.61,1854890.0,18574.0,1.0,6.99,708101.0,12924.0,1.83,3.47,37806.0,8207.0,21.71,14.4,28709.0,7860.0,101.0,107.0,300.0,99.2,0,0,7693.0,7031.0,3.4,862.0,6271703.0,6058465.0,0,0
2024-04-08,14,4,15,174595.0,96146.0,108522.0,0.0,78800.0,95614.0,0,0,1,1,996.0,21.5,35.2,1650601.0,19262.0,1.17,9.06,373825.0,19469.0,5.21,4.94,1698379.0,14323.0,0.84,7.58,1245565.0,24407.0,1.96,3.23,0.0,0.0,0.0,11.1,27473.0,7457.0,103.1,104.1,289.0,98.1,0,0,7663.0,7013.0,4.1,819.0,5991393.0,5745746.0,0,0
2024-04-15,15,4,16,125620.0,104311.0,71832.0,15828.0,60184.0,45894.0,0,0,0,0,1000.0,4.2,6.9,1118562.0,11421.0,1.02,11.0,343275.0,17249.0,5.02,6.05,1130239.0,9359.0,0.83,7.67,910492.0,18239.0,2.0,3.3,31656.0,6444.0,20.36,6.3,28262.0,6647.0,105.0,102.8,272.0,98.1,0,0,7409.0,6436.0,3.4,1065.0,7097822.0,6856496.0,0,0
2024-04-22,16,4,17,171190.0,100487.0,48192.0,19274.0,46251.0,109371.0,0,0,0,0,1005.0,4.4,5.5,1564098.0,14230.0,0.91,12.03,418501.0,22605.0,5.4,4.45,670562.0,4850.0,0.72,9.94,833640.0,18212.0,2.18,2.54,38548.0,11078.0,28.74,11.9,28598.0,6535.0,107.0,102.7,296.0,100.3,0,0,7372.0,6538.0,4.3,1037.0,7082870.0,6778307.0,0,0
2024-04-29,17,4,18,123145.0,110641.0,0.0,14451.0,49739.0,96674.0,0,0,0,0,1005.0,4.0,5.9,1129172.0,11359.0,1.01,10.84,418494.0,19661.0,4.7,5.63,0.0,0.0,0.0,0.0,834214.0,14175.0,1.7,3.51,28902.0,6193.0,21.43,13.5,28701.0,8530.0,101.8,100.5,315.0,100.9,0,1,7108.0,6385.0,9.5,972.0,6857798.0,6206308.0,0,0
2024-05-06,18,5,19,195428.0,141124.0,0.0,13262.0,46848.0,73948.0,0,1,0,0,1005.0,4.1,5.4,1807455.0,19752.0,1.09,9.89,566424.0,28414.0,5.02,4.97,0.0,0.0,0.0,0.0,728724.0,13175.0,1.81,3.56,26524.0,5044.0,19.02,8.9,28262.0,7572.0,99.6,98.6,345.0,98.3,0,0,7750.0,6663.0,4.8,1067.0,7469411.0,7110880.0,0,0
2024-05-13,19,5,20,155337.0,117902.0,69632.0,14293.0,43566.0,50146.0,0,0,0,0,1005.0,2.6,3.4,1502184.0,19005.0,1.27,8.17,468348.0,20313.0,4.34,5.8,949247.0,9370.0,0.99,7.43,774619.0,16008.0,2.07,2.72,28586.0,5865.0,20.52,5.7,28922.0,7325.0,105.8,95.8,201.0,99.7,0,1,7463.0,6671.0,9.5,991.0,7305307.0,6611303.0,0,0
2024-05-20,20,5,21,150559.0,110909.0,75362.0,16377.0,33512.0,48031.0,0,0,0,0,1004.0,1.6,2.4,1430875.0,13899.0,0.97,10.83,434028.0,18171.0,4.19,6.1,1128511.0,11407.0,1.01,6.61,534044.0,10554.0,1.98,3.18,32754.0,7169.0,21.89,5.9,27635.0,7382.0,103.2,97.4,273.0,97.8,0,0,7346.0,6329.0,3.5,1107.0,7257378.0,7003370.0,0,0
2024-05-27,21,5,22,133331.0,93252.0,34697.0,12112.0,44382.0,55537.0,0,0,0,0,995.0,1.7,2.3,1216395.0,13245.0,1.09,10.07,397354.0,21945.0,5.52,4.25,492198.0,4747.0,0.96,7.31,660981.0,14159.0,2.14,3.13,24224.0,5629.0,23.24,7.1,26935.0,6059.0,104.9,99.1,311.0,100.7,0,0,7127.0,6273.0,3.9,1068.0,6970812.0,6698950.0,0,0
2024-06-03,22,6,23,215121.0,82228.0,88664.0,16872.0,37181.0,90347.0,0,1,0,0,1003.0,0.5,0.8,1833066.0,21865.0,1.19,9.84,290953.0,13437.0,4.62,6.12,1172111.0,10244.0,0.87,8.66,672436.0,11604.0,1.73,3.2,33744.0,7847.0,23.26,10.7,28782.0,8225.0,104.0,99.7,305.0,102.4,0,0,7088.0,6363.0,3.2,1076.0,7073718.0,6847359.0,0,0
2024-06-10,23,6,24,152846.0,104499.0,75361.0,14157.0,32010.0,46061.0,0,0,0,0,1014.0,3.4,5.9,1397052.0,11548.0,0.83,13.24,401060.0,19878.0,4.96,5.26,997252.0,8801.0,0.88,8.56,511062.0,10669.0,2.09,3.0,28314.0,6665.0,23.54,6.1,26843.0,6371.0,104.6,101.9,325.0,102.6,0,0,7435.0,6708.0,4.2,1040.0,7282761.0,6976885.0,0,0
2024-06-17,24,6,25,143091.0,114169.0,43710.0,18251.0,54380.0,86261.0,0,0,0,0,996.0,2.9,4.9,1297915.0,16163.0,1.25,8.85,482363.0,22031.0,4.57,5.18,701066.0,5994.0,0.85,7.29,877165.0,19999.0,2.28,2.72,36502.0,7529.0,20.63,10.2,30586.0,8698.0,103.6,101.7,322.0,102.5,0,0,7252.0,6477.0,4.4,1035.0,7013525.0,6704930.0,0,0
2024-06-24,25,6,26,146207.0,164682.0,54828.0,10739.0,52537.0,40536.0,0,0,0,0,1006.0,2.3,3.1,1349856.0,12884.0,0.95,11.35,627149.0,26304.0,4.19,6.26,773517.0,9550.0,1.23,5.74,878506.0,18627.0,2.12,2.82,21478.0,4889.0,22.76,5.4,28592.0,7513.0,105.8,102.2,301.0,101.7,0,0,7485.0,6830.0,5.5,1018.0,7356722.0,6952102.0,0,0
2024-07-01,26,7,27,182844.0,118924.0,71131.0,13682.0,27375.0,64694.0,0,1,0,0,1002.0,0.0,0.0,1983127.0,22701.0,1.14,8.05,418248.0,18846.0,4.51,6.31,1158651.0,11147.0,0.96,6.38,499920.0,10167.0,2.03,2.69,27364.0,5515.0,20.15,8.5,28487.0,6897.0,106.3,102.5,293.0,102.7,0,0,7104.0,6298.0,3.6,1090.0,7118208.0,6861953.0,0,0
2024-07-08,27,7,28,175811.0,141313.0,66260.0,11966.0,45165.0,74540.0,0,0,0,0,1009.0,1.1,1.5,1532695.0,17366.0,1.13,10.12,596307.0,31880.0,5.35,4.43,908464.0,7734.0,0.85,8.57,753958.0,14907.0,1.98,3.03,23932.0,4949.0,20.68,9.3,28935.0,6436.0,105.5,101.9,306.0,101.6,0,0,7144.0,5972.0,3.8,1148.0,7129005.0,6858103.0,0,0
2024-07-15,28,7,29,178347.0,105274.0,58907.0,13628.0,63266.0,213321.0,0,0,1,1,1006.0,28.9,37.0,1677046.0,21012.0,1.25,8.49,460682.0,22159.0,4.81,4.75,861363.0,8198.0,0.95,7.19,957982.0,17333.0,1.81,3.65,27256.0,5471.0,20.07,25.5,30659.0,8746.0,103.6,100.5,365.0,101.8,0,1,8062.0,6786.0,9.2,772.0,5766474.0,5235959.0,0,0
2024-07-22,29,7,30,179603.0,91967.0,63117.0,16026.0,64579.0,38214.0,0,0,1,1,1021.0,18.5,32.7,1778456.0,20900.0,1.18,8.59,366546.0,13432.0,3.66,6.85,1091889.0,8704.0,0.8,7.25,1124181.0,22290.0,1.98,2.9,32052.0,6261.0,19.53,4.8,29469.0,6899.0,104.7,105.5,290.0,103.1,0,0,7581.0,6678.0,4.1,906.0,6308264.0,6049625.0,0,0
2024-07-29,30,7,31,276153.0,96293.0,0.0,15047.0,64032.0,137813.0,0,0,0,0,1014.0,3.5,5.0,2530242.0,20925.0,0.83,13.2,329252.0,14439.0,4.39,6.67,0.0,0.0,0.0,0.0,1026586.0,23882.0,2.33,2.68,30094.0,7364.0,24.47,18.2,27643.0,6196.0,102.5,103.8,319.0,101.6,0,0,7396.0,6383.0,4.2,1086.0,7237060.0,6933103.0,0,0
2024-08-05,31,8,32,146414.0,101228.0,69450.0,14895.0,47694.0,76052.0,0,1,0,0,999.0,0.9,1.2,1604778.0,16066.0,1.0,9.11,428439.0,23877.0,5.57,4.24,852388.0,7086.0,0.83,9.8,924497.0,18228.0,1.97,2.62,29790.0,7021.0,23.57,11.7,29839.0,8369.0,104.2,102.0,328.0,100.3,0,0,7733.0,6679.0,4.0,1100.0,7655740.0,7349510.0,0,0
2024-08-12,32,8,33,142947.0,179488.0,110523.0,15122.0,36639.0,85586.0,0,0,0,0,1016.0,5.2,8.9,1260805.0,14101.0,1.12,10.14,628673.0,27574.0,4.39,6.51,1750070.0,16727.0,0.96,6.61,610595.0,10975.0,1.8,3.34,30244.0,7336.0,24.26,11.8,28971.0,7185.0,111.8,103.2,387.0,98.1,0,0,8236.0,6934.0,4.7,1090.0,7932652.0,7559817.0,0,0
2024-08-19,33,8,34,132899.0,99697.0,26974.0,15983.0,34159.0,75057.0,0,0,0,0,1004.0,2.8,4.0,1239907.0,13324.0,1.07,9.97,408762.0,14820.0,3.63,6.73,360679.0,3689.0,1.02,7.31,476103.0,8976.0,1.89,3.81,31966.0,7060.0,22.09,10.3,28266.0,7099.0,113.6,103.9,309.0,96.5,0,0,7736.0,6909.0,3.6,1053.0,7549470.0,7277689.0,0,0
2024-08-26,34,8,35,190476.0,139228.0,61148.0,13340.0,52510.0,86975.0,0,0,0,1,1006.0,22.7,27.7,1624405.0,18922.0,1.16,10.07,518744.0,29297.0,5.65,4.75,872097.0,8220.0,0.94,7.44,900548.0,18450.0,2.05,2.85,26680.0,6344.0,23.78,14.8,27705.0,6643.0,114.8,101.3,364.0,93.7,0,0,7908.0,7019.0,4.6,836.0,6149561.0,5866681.0,0,0
2024-09-02,35,9,36,217081.0,98477.0,70878.0,17272.0,53139.0,66475.0,0,1,0,0,1014.0,6.5,8.4,1918739.0,23203.0,1.21,9.36,359003.0,17534.0,4.88,5.62,966177.0,8795.0,0.91,8.06,1034724.0,19787.0,1.91,2.69,34544.0,6372.0,18.45,8.7,29429.0,8497.0,113.2,105.2,375.0,96.0,0,0,7778.0,6900.0,4.3,1023.0,7374244.0,7057152.0,0,0
2024-09-09,36,9,37,159499.0,142412.0,74127.0,17175.0,69883.0,137114.0,0,0,0,0,1008.0,5.3,8.4,1479157.0,17503.0,1.18,9.11,549861.0,24537.0,4.46,5.8,1081920.0,9750.0,0.9,7.6,1321215.0,28009.0,2.12,2.5,34350.0,8238.0,23.98,18.0,29031.0,7077.0,107.8,106.5,327.0,99.8,0,0,8195.0,7469.0,4.0,1005.0,7822750.0,7509840.0,0,0
2024-09-16,37,9,38,133350.0,127919.0,58851.0,16491.0,66163.0,58066.0,0,0,0,0,1019.0,2.5,4.2,1297191.0,13907.0,1.07,9.59,504228.0,21701.0,4.3,5.89,779167.0,6965.0,0.89,8.45,1276668.0,27187.0,2.13,2.43,32982.0,7386.0,22.39,7.8,29125.0,6897.0,104.1,106.5,320.0,102.4,0,0,7981.0,7071.0,3.8,1079.0,7929323.0,7628009.0,0,0
2024-09-23,38,9,39,134209.0,115017.0,36355.0,16937.0,45785.0,118747.0,0,0,1,1,1006.0,18.0,23.9,1251629.0,11032.0,0.88,12.17,436958.0,22390.0,5.12,5.14,511934.0,4299.0,0.84,8.46,703302.0,15650.0,2.23,2.93,33874.0,7935.0,23.42,13.4,28691.0,7022.0,107.7,112.7,315.0,99.1,0,0,7836.0,6566.0,5.5,930.0,6464073.0,6108549.0,0,0
2024-09-30,39,9,40,194545.0,117949.0,75639.0,16305.0,32847.0,53411.0,1,0,0,1,1008.0,16.7,29.2,1956021.0,20372.0,1.04,9.55,494547.0,20853.0,4.22,5.66,1120149.0,9552.0,0.85,7.92,588892.0,13972.0,2.37,2.35,32610.0,7452.0,22.85,6.4,31052.0,7336.0,105.7,117.8,320.0,100.6,0,0,7987.0,6670.0,3.5,970.0,6706396.0,6471672.0,0,1
2024-10-07,40,10,41,199602.0,104527.0,123809.0,21185.0,43418.0,69503.0,1,1,0,1,1008.0,18.3,31.3,1800830.0,20824.0,1.16,9.59,403451.0,20837.0,5.16,5.02,1631631.0,17538.0,1.07,7.06,683021.0,15394.0,2.25,2.82,42370.0,8445.0,19.93,8.3,31364.0,7697.0,104.5,118.5,366.0,103.0,0,0,8163.0,7387.0,4.2,872.0,6722524.0,6440178.0,0,1
2024-10-14,41,10,42,190337.0,130531.0,39659.0,15425.0,0.0,44106.0,1,0,0,1,1009.0,15.6,26.7,1684961.0,16261.0,0.97,11.7,564715.0,27121.0,4.8,4.81,535698.0,4759.0,0.89,8.33,0.0,0.0,0.0,0.0,30850.0,5843.0,18.94,5.9,29236.0,6626.0,104.1,126.0,340.0,101.8,0,0,7977.0,6966.0,3.5,941.0,6793181.0,6555420.0,0,1
2024-10-21,42,10,43,141052.0,109224.0,92065.0,14939.0,45105.0,87729.0,1,0,0,1,1022.0,26.7,35.7,1591962.0,18890.0,1.19,7.47,446835.0,20707.0,4.63,5.27,1279167.0,10477.0,0.82,8.79,678964.0,12184.0,1.79,3.7,29878.0,6121.0,20.49,10.8,29393.0,6839.0,102.0,128.9,341.0,101.7,0,0,7946.0,6993.0,5.1,808.0,5952555.0,5648975.0,1,0
2024-10-28,43,10,44,176981.0,93810.0,60835.0,13985.0,40356.0,137043.0,1,0,0,1,1019.0,22.4,27.6,1660471.0,20369.0,1.23,8.69,354873.0,16251.0,4.58,5.77,775199.0,6558.0,0.85,9.28,638802.0,12660.0,1.98,3.19,27970.0,6511.0,23.28,17.4,29200.0,7398.0,100.0,128.7,288.0,97.8,0,0,7997.0,6961.0,4.5,868.0,6323580.0,6039019.0,1,0
2024-11-04,44,11,45,172375.0,93019.0,66999.0,13426.0,51856.0,69109.0,0,1,1,1,1028.0,25.7,44.2,1479395.0,16523.0,1.12,10.43,347173.0,15298.0,4.41,6.08,925314.0,9503.0,1.03,7.05,818752.0,15512.0,1.89,3.34,26852.0,6330.0,23.57,9.6,30553.0,8871.0,101.1,130.8,296.0,98.6,0,0,8260.0,7144.0,3.6,851.0,6309021.0,6081896.0,1,1
2024-11-11,45,11,46,177269.0,124575.0,47495.0,13018.0,41385.0,65522.0,0,0,0,0,1033.0,6.4,8.9,1524470.0,11610.0,0.76,15.27,436768.0,22282.0,5.1,5.59,684979.0,6685.0,0.98,7.1,741158.0,12931.0,1.74,3.2,26036.0,4996.0,19.19,8.9,29386.0,6600.0,100.1,128.5,422.0,96.9,0,0,8094.0,7393.0,4.3,1013.0,7825991.0,7489474.0,1,1
2024-11-18,46,11,47,209212.0,165374.0,0.0,13745.0,39933.0,43376.0,0,0,0,0,1007.0,3.1,4.9,1763770.0,16643.0,0.94,12.57,677062.0,27463.0,4.06,6.02,0.0,0.0,0.0,0.0,709579.0,13459.0,1.9,2.97,27490.0,5483.0,19.94,5.3,29331.0,6952.0,99.7,125.7,331.0,97.7,0,0,8084.0,6797.0,4.2,1112.0,7888230.0,7556924.0,0,0
2024-11-25,47,11,48,178375.0,124759.0,108869.0,15556.0,53013.0,64638.0,0,0,0,0,1016.0,5.7,9.4,1747757.0,24109.0,1.38,7.4,485079.0,17968.0,3.7,6.94,1521870.0,13280.0,0.87,8.2,903335.0,17067.0,1.89,3.11,31112.0,6367.0,20.47,7.6,30512.0,8930.0,99.2,122.1,308.0,95.3,0,0,8310.0,6899.0,3.7,1111.0,7961711.0,7667128.0,0,0
2024-12-02,48,12,49,200380.0,118233.0,84950.0,16546.0,42863.0,35013.0,0,1,0,0,1006.0,3.5,4.5,1769302.0,18227.0,1.03,10.99,391183.0,18950.0,4.84,6.24,1211641.0,11681.0,0.96,7.27,641229.0,11831.0,1.85,3.62,33092.0,7025.0,21.23,4.9,28939.0,8427.0,101.8,122.1,397.0,97.0,0,0,7889.0,6756.0,4.5,1083.0,7658562.0,7313927.0,0,0
2024-12-09,49,12,50,172410.0,128451.0,127413.0,15874.0,52109.0,47570.0,1,0,0,1,1010.0,25.3,42.2,1583415.0,13727.0,0.87,12.56,492249.0,23894.0,4.85,5.38,1727161.0,14389.0,0.83,8.85,847099.0,16312.0,1.93,3.19,31748.0,6095.0,19.2,6.4,29448.0,8079.0,102.3,122.0,352.0,99.3,0,0,8486.0,7263.0,4.2,844.0,6402432.0,6133530.0,0,1
2024-12-16,50,12,51,182684.0,157840.0,105237.0,14058.0,52645.0,79483.0,1,0,0,1,1011.0,16.4,28.9,1652347.0,21080.0,1.28,8.67,587451.0,28004.0,4.77,5.64,1588841.0,13861.0,0.87,7.59,826577.0,19043.0,2.3,2.76,28116.0,5366.0,19.08,8.5,28521.0,6823.0,103.1,121.0,367.0,98.0,0,1,8384.0,7270.0,9.6,881.0,7086123.0,6405855.0,0,1
2024-12-23,51,12,52,199497.0,127263.0,81516.0,18066.0,34511.0,130001.0,1,0,0,1,1008.0,16.0,26.2,1922907.0,21186.0,1.1,9.42,577440.0,27288.0,4.73,4.66,1306279.0,13207.0,1.01,6.17,616626.0,12631.0,2.05,2.73,36132.0,7322.0,20.26,15.7,30685.0,7781.0,105.6,118.4,340.0,96.2,0,0,8957.0,7920.0,4.0,919.0,7584071.0,7280708.0,0,1
2024-12-30,52,12,1,118651.0,112414.0,129087.0,17654.0,42108.0,254330.0,1,0,1,1,1009.0,26.2,38.4,1007998.0,12660.0,1.26,9.37,392392.0,16991.0,4.33,6.62,1776848.0,17761.0,1.0,7.27,771166.0,20749.0,2.69,2.03,35308.0,7835.0,22.19,32.3,31738.0,7519.0,105.6,118.0,334.0,92.9,0,0,8235.0,7421.0,4.3,791.0,6132127.0,5868445.0,0,1
2025-01-06,53,1,2,158072.0,152571.0,82003.0,15442.0,74996.0,55203.0,0,1,0,0,1016.0,4.5,7.8,1318539.0,14994.0,1.14,10.54,543819.0,26897.0,4.95,5.67,1217837.0,9742.0,0.8,8.42,1360158.0,27766.0,2.04,2.7,30884.0,6038.0,19.55,7.5,31056.0,7152.0,105.6,118.2,342.0,93.5,0,0,8246.0,7111.0,4.1,1079.0,8000929.0,7672891.0,0,0
2025-01-13,54,1,3,152608.0,133503.0,94245.0,0.0,34432.0,137191.0,0,0,0,1,1008.0,18.5,28.1,1412464.0,16416.0,1.16,9.3,583600.0,26119.0,4.48,5.11,1320794.0,10727.0,0.81,8.79,540222.0,10435.0,1.93,3.3,0.0,0.0,0.0,18.8,30954.0,7751.0,106.7,115.3,292.0,93.4,0,0,8384.0,7638.0,4.0,866.0,6887624.0,6612119.0,0,0
2025-01-20,55,1,4,146679.0,166921.0,63771.0,17206.0,25896.0,80293.0,0,0,0,0,1025.0,1.1,1.8,1399119.0,16076.0,1.15,9.12,744234.0,31589.0,4.24,5.28,938045.0,8553.0,0.91,7.46,346657.0,6937.0,2.0,3.73,34412.0,8416.0,24.46,10.3,29060.0,7732.0,108.8,112.5,346.0,91.6,0,0,8244.0,6943.0,3.6,1160.0,8357149.0,8056292.0,0,0
2025-01-27,56,1,5,161044.0,127615.0,72630.0,16317.0,27996.0,67251.0,0,0,0,0,1011.0,1.0,1.7,1503506.0,17982.0,1.2,8.96,480926.0,20847.0,4.33,6.12,1176031.0,13020.0,1.11,5.58,405092.0,8355.0,2.06,3.35,32634.0,6303.0,19.31,8.9,29680.0,7384.0,107.9,114.4,361.0,93.7,0,0,8447.0,7404.0,5.0,1085.0,8454518.0,8031792.0,0,0
2025-02-03,57,2,6,251311.0,96493.0,55756.0,0.0,49444.0,87501.0,0,1,0,0,1041.0,0.9,1.5,2141389.0,30958.0,1.45,8.12,366940.0,21043.0,5.73,4.59,829595.0,5933.0,0.72,9.4,923325.0,19457.0,2.11,2.54,0.0,0.0,0.0,11.0,28171.0,7574.0,107.9,108.6,424.0,93.8,0,0,7767.0,6812.0,3.4,1136.0,8012678.0,7740247.0,0,0
2025-02-10,58,2,7,139630.0,93947.0,100931.0,15734.0,49545.0,74095.0,0,0,0,0,1016.0,0.3,0.4,1340060.0,16562.0,1.24,8.43,394778.0,14426.0,3.65,6.51,1251157.0,11643.0,0.93,8.67,799664.0,20519.0,2.57,2.41,31468.0,7670.0,24.37,8.7,28730.0,7002.0,105.8,109.8,354.0,92.8,0,0,8109.0,7175.0,4.3,1096.0,8214028.0,7860825.0,0,0
2025-02-17,59,2,8,221411.0,172181.0,47402.0,16549.0,47456.0,75767.0,0,0,1,1,1020.0,27.0,34.3,1896541.0,17258.0,0.91,12.83,571733.0,27318.0,4.78,6.3,702218.0,5358.0,0.76,8.85,744830.0,13460.0,1.81,3.53,33098.0,6983.0,21.1,9.2,30696.0,7602.0,104.7,108.9,262.0,92.9,0,0,8801.0,7310.0,3.8,862.0,6553225.0,6304202.0,0,0
2025-02-24,60,2,9,114403.0,175054.0,94434.0,13916.0,70870.0,60024.0,0,0,0,1,1010.0,18.5,24.8,997527.0,11577.0,1.16,9.88,603348.0,22196.0,3.68,7.89,1488896.0,12418.0,0.83,7.6,1347048.0,29866.0,2.22,2.37,27832.0,5782.0,20.77,7.5,29780.0,8435.0,106.9,111.7,351.0,95.9,0,0,8549.0,7684.0,5.1,869.0,7037109.0,6678217.0,0,0
2025-03-03,61,3,10,160649.0,119876.0,67380.0,16404.0,22115.0,38468.0,0,1,0,0,1034.0,3.0,4.5,1354219.0,17083.0,1.26,9.4,468855.0,20826.0,4.44,5.76,945658.0,8147.0,0.86,8.27,407842.0,8363.0,2.05,2.64,32808.0,8108.0,24.71,4.8,27526.0,7990.0,107.6,109.7,463.0,97.6,0,0,7716.0,6952.0,3.5,1074.0,7738994.0,7468129.0,0,0
2025-03-10,62,3,11,182387.0,115321.0,108853.0,12830.0,55611.0,36048.0,0,0,0,0,1030.0,0.0,0.0,1839959.0,23382.0,1.27,7.8,522176.0,22306.0,4.27,5.17,1683970.0,14410.0,0.86,7.55,928665.0,15382.0,1.66,3.62,25660.0,5475.0,21.34,3.7,27636.0,6792.0,108.6,110.3,389.0,97.7,0,0,8139.0,7322.0,3.6,1104.0,8383170.0,8081376.0,0,0
2025-03-17,63,3,12,203262.0,167109.0,94242.0,19520.0,79006.0,96926.0,0,0,0,0,1023.0,2.7,4.2,1943886.0,20316.0,1.05,10.01,645537.0,22619.0,3.5,7.39,1274000.0,10755.0,0.84,8.76,1286219.0,28217.0,2.19,2.8,39040.0,9592.0,24.57,11.6,28792.0,7651.0,110.0,108.2,327.0,99.2,0,0,8630.0,7387.0,3.4,1123.0,8590121.0,8298057.0,0,0
2025-03-24,64,3,13,210238.0,100177.0,137453.0,19283.0,35313.0,63814.0,0,0,0,1,1011.0,23.6,33.9,2006033.0,25377.0,1.27,8.28,403957.0,19047.0,4.72,5.26,1743586.0,15706.0,0.9,8.75,582363.0,13561.0,2.33,2.6,38566.0,8856.0,22.96,8.0,29840.0,7229.0,109.3,107.4,382.0,97.2,0,0,8555.0,7090.0,4.2,893.0,6607916.0,6330384.0,0,0
2025-03-31,65,3,14,215136.0,104732.0,94144.0,15412.0,44263.0,55299.0,0,0,0,0,1023.0,6.1,10.2,2160991.0,26570.0,1.23,8.1,458703.0,19721.0,4.3,5.31,1360189.0,11480.0,0.84,8.2,751246.0,13556.0,1.8,3.27,30824.0,6553.0,21.26,6.7,31040.0,6961.0,110.6,107.9,329.0,97.7,0,0,8192.0,7317.0,3.2,1041.0,7869211.0,7617396.0,0,0
2025-04-07,66,4,15,162106.0,142738.0,42175.0,16921.0,39635.0,72625.0,0,1,0,0,1013.0,0.8,1.4,1845559.0,27643.0,1.5,5.86,675772.0,23638.0,3.5,6.04,523517.0,3953.0,0.76,10.67,750791.0,15000.0,2.0,2.64,33842.0,7811.0,23.08,8.9,30381.0,8477.0,112.4,105.6,306.0,98.3,1,0,6403.0,5351.0,3.7,1158.0,6434349.0,6196278.0,0,0
2025-04-14,67,4,16,157959.0,116213.0,71637.0,11173.0,0.0,103514.0,0,0,0,0,1034.0,2.4,3.2,1252469.0,12591.0,1.01,12.55,443888.0,22092.0,4.98,5.26,1003943.0,9922.0,0.99,7.22,0.0,0.0,0.0,0.0,22346.0,5076.0,22.72,13.6,26670.0,6232.0,113.2,106.8,344.0,97.7,0,0,7803.0,6939.0,2.7,1104.0,7874663.0,7662047.0,0,0
2025-04-21,68,4,17,220284.0,125879.0,48805.0,13498.0,45182.0,78543.0,0,0,0,1,1029.0,28.1,46.1,1887715.0,19538.0,1.04,11.27,502838.0,26880.0,5.35,4.68,772815.0,7613.0,0.99,6.41,798066.0,13724.0,1.72,3.29,26996.0,6577.0,24.36,8.8,30297.0,7697.0,112.4,103.3,366.0,98.8,0,0,8483.0,7269.0,4.1,828.0,6276156.0,6018834.0,0,0
2025-04-28,69,4,18,169880.0,122199.0,61537.0,15378.0,76580.0,53934.0,0,0,1,1,1024.0,18.7,30.0,1470082.0,15588.0,1.06,10.9,565500.0,30430.0,5.38,4.02,754547.0,7514.0,1.0,8.19,1401486.0,31786.0,2.27,2.41,30756.0,6405.0,20.83,5.7,29888.0,7740.0,115.0,103.3,289.0,97.6,0,1,8318.0,7581.0,9.2,829.0,6924835.0,6287750.0,0,0
2025-05-05,70,5,19,129865.0,135349.0,125582.0,13697.0,86730.0,125879.0,0,1,0,0,1004.0,3.8,5.8,1102907.0,11439.0,1.04,11.35,479323.0,22519.0,4.7,6.01,1619478.0,12115.0,0.75,10.37,1316374.0,24894.0,1.89,3.48,27394.0,6052.0,22.09,15.2,28026.0,6579.0,114.4,104.6,320.0,98.9,0,0,8226.0,7156.0,3.1,1076.0,7945066.0,7698769.0,0,0
2025-05-12,71,5,20,134908.0,167978.0,92774.0,17925.0,45254.0,147617.0,0,0,0,0,1016.0,3.2,4.2,1125138.0,11123.0,0.99,12.13,729481.0,33009.0,4.52,5.09,1220314.0,11384.0,0.93,8.15,801184.0,14027.0,1.75,3.23,35850.0,7839.0,21.87,19.9,29601.0,6736.0,115.1,105.1,369.0,100.0,0,0,8306.0,7113.0,4.7,1094.0,8168851.0,7784915.0,0,0
2025-05-19,72,5,21,142672.0,129341.0,58288.0,0.0,88775.0,90653.0,0,0,0,1,1030.0,19.1,32.0,1266295.0,9999.0,0.79,14.27,476888.0,25168.0,5.28,5.14,828478.0,8086.0,0.98,7.21,1445124.0,29709.0,2.06,2.99,0.0,0.0,0.0,13.4,30267.0,7501.0,114.0,108.2,350.0,94.8,0,0,8214.0,7117.0,3.2,931.0,6844480.0,6625456.0,0,0
2025-05-26,73,5,22,203812.0,144767.0,52364.0,13525.0,50742.0,112520.0,0,0,0,0,1034.0,4.2,7.5,1681001.0,17551.0,1.04,11.61,583835.0,32150.0,5.51,4.5,726488.0,5777.0,0.8,9.06,691510.0,12990.0,1.88,3.91,27050.0,5371.0,19.86,15.2,30413.0,9008.0,114.0,104.8,386.0,97.7,0,0,8508.0,7597.0,4.5,1059.0,8427787.0,8048536.0,0,0
2025-06-02,74,6,23,186982.0,84631.0,75754.0,14245.0,85088.0,127023.0,0,1,0,0,1034.0,1.8,2.9,1746014.0,20077.0,1.15,9.31,332017.0,17118.0,5.16,4.94,1210371.0,10905.0,0.9,6.95,1196126.0,22608.0,1.89,3.76,28490.0,6939.0,24.36,13.7,28188.0,7589.0,110.8,100.8,322.0,92.6,0,0,8287.0,6977.0,3.6,1163.0,8414520.0,8111598.0,0,0
2025-06-09,75,6,24,214975.0,126544.0,49068.0,0.0,48964.0,120848.0,0,0,0,0,1013.0,4.3,7.5,1962418.0,20346.0,1.04,10.57,468832.0,18843.0,4.02,6.72,756585.0,6715.0,0.89,7.31,752233.0,16440.0,2.19,2.98,0.0,0.0,0.0,14.8,29823.0,7471.0,112.0,98.4,400.0,92.6,0,0,8443.0,7012.0,5.0,1109.0,8184990.0,7775741.0,0,0
2025-06-16,76,6,25,162973.0,108168.0,59567.0,20608.0,52452.0,95854.0,0,0,0,0,1028.0,0.9,1.6,1539698.0,21364.0,1.39,7.63,399947.0,18438.0,4.61,5.87,885350.0,9939.0,1.12,5.99,912152.0,15869.0,1.74,3.31,41216.0,7949.0,19.29,12.3,27435.0,6121.0,118.4,100.2,325.0,95.5,0,0,8430.0,7360.0,4.4,1116.0,8588046.0,8210172.0,0,0
2025-06-23,77,6,26,189148.0,100541.0,84285.0,13486.0,56358.0,95225.0,0,0,0,0,1034.0,3.5,4.9,1790809.0,19731.0,1.1,9.59,411156.0,19504.0,4.74,5.15,1218181.0,13812.0,1.13,6.1,947890.0,17006.0,1.79,3.31,26972.0,6696.0,24.83,12.1,29063.0,7790.0,115.4,101.3,439.0,95.6,0,0,8194.0,7030.0,3.4,1123.0,8176055.0,7898069.0,0,0
2025-06-30,78,6,27,213106.0,107845.0,113563.0,16833.0,131267.0,91958.0,0,0,0,0,1013.0,3.3,5.2,2033076.0,26111.0,1.28,8.16,467142.0,16918.0,3.62,6.37,1674176.0,12340.0,0.74,9.2,2220291.0,45234.0,2.04,2.9,33666.0,9261.0,27.51,12.1,30940.0,7035.0,114.7,101.3,308.0,93.6,0,0,8894.0,7516.0,3.4,1120.0,8712304.0,8416086.0,0,0
2025-07-07,79,7,28,169110.0,120482.0,94072.0,21332.0,65396.0,44442.0,0,1,0,0,1027.0,2.1,3.1,1492118.0,16936.0,1.14,9.99,476952.0,22706.0,4.76,5.31,1254336.0,15227.0,1.21,6.18,1274039.0,28624.0,2.25,2.28,42664.0,10375.0,24.32,5.1,29575.0,7790.0,112.2,98.7,333.0,92.6,0,1,8424.0,7520.0,9.9,1015.0,8469768.0,7631261.0,0,0
2025-07-14,80,7,29,205322.0,155012.0,0.0,12683.0,41034.0,99864.0,0,0,0,1,1029.0,27.5,49.3,2211764.0,26866.0,1.21,7.64,623536.0,36858.0,5.91,4.21,0.0,0.0,0.0,0.0,617874.0,14337.0,2.32,2.86,25366.0,6436.0,25.37,12.6,29185.0,8176.0,110.2,100.8,394.0,95.6,0,0,8658.0,7264.0,3.8,855.0,6459084.0,6213639.0,0,0
2025-07-21,81,7,30,155618.0,99190.0,85073.0,13421.0,67950.0,39602.0,0,0,0,0,1025.0,2.1,2.6,1441492.0,16397.0,1.14,9.49,415310.0,20181.0,4.86,4.92,1111879.0,11257.0,1.01,7.56,1130017.0,20867.0,1.85,3.26,26842.0,5956.0,22.19,5.2,29458.0,7479.0,113.0,98.2,442.0,92.8,0,0,8275.0,7357.0,3.9,1085.0,8303756.0,7979909.0,0,0
2025-07-28,82,7,31,168110.0,130379.0,78664.0,15279.0,45651.0,51005.0,0,0,0,0,1013.0,1.4,2.0,1316714.0,17069.0,1.3,9.85,482514.0,25913.0,5.37,5.03,1201440.0,12148.0,1.01,6.48,779608.0,17448.0,2.24,2.62,30558.0,5694.0,18.63,6.9,29756.0,7259.0,110.4,101.4,390.0,95.9,0,0,7963.0,6738.0,4.8,1124.0,7953588.0,7571816.0,0,0
2025-08-04,83,8,32,167744.0,117858.0,88929.0,15073.0,43998.0,131182.0,0,1,0,0,1025.0,2.5,4.3,1407435.0,15586.0,1.11,10.76,500171.0,23007.0,4.6,5.12,1396871.0,11156.0,0.8,7.97,691355.0,12585.0,1.82,3.5,30146.0,5515.0,18.3,15.1,30570.0,6841.0,108.8,107.9,402.0,96.4,0,1,8240.0,7454.0,9.1,1004.0,8234850.0,7485479.0,0,0
2025-08-11,84,8,33,137196.0,121848.0,135862.0,18429.0,67031.0,106547.0,0,0,0,0,1026.0,1.3,1.8,1085119.0,12669.0,1.17,10.83,520410.0,23214.0,4.46,5.25,1973905.0,18848.0,0.95,7.21,1119718.0,27881.0,2.49,2.4,36858.0,8318.0,22.57,12.9,30388.0,6746.0,104.8,107.7,382.0,94.8,0,0,8630.0,7667.0,4.1,1093.0,8739273.0,8380963.0,0,0
2025-08-18,85,8,34,209477.0,159312.0,37593.0,16933.0,51593.0,142639.0,0,0,0,0,1028.0,3.5,5.9,1906979.0,21919.0,1.15,9.56,784816.0,36970.0,4.71,4.31,529525.0,4705.0,0.89,7.99,756574.0,13207.0,1.75,3.91,33866.0,7022.0,20.74,13.6,31430.0,7996.0,104.0,108.3,344.0,94.5,0,0,8465.0,7336.0,4.6,1092.0,8397449.0,8011167.0,0,0
2025-08-25,86,8,35,165342.0,145464.0,63122.0,12525.0,55653.0,64666.0,0,0,0,1,1025.0,16.7,23.9,1488533.0,15817.0,1.06,10.45,564610.0,23038.0,4.08,6.31,931088.0,8956.0,0.96,7.05,1038299.0,24355.0,2.35,2.29,25050.0,5029.0,20.08,7.6,30547.0,8879.0,100.1,106.8,365.0,93.5,0,0,8945.0,7759.0,4.5,940.0,7637465.0,7293779.0,0,0
2025-09-01,87,9,36,186977.0,171021.0,95753.0,17678.0,51483.0,43531.0,0,1,0,0,1026.0,4.1,7.3,1637272.0,18907.0,1.15,9.89,659468.0,26435.0,4.01,6.47,1088015.0,10067.0,0.93,9.51,812514.0,15019.0,1.85,3.43,35356.0,7730.0,21.86,5.2,30188.0,7231.0,103.3,103.2,338.0,96.1,0,0,8970.0,7536.0,3.9,1125.0,8825888.0,8481678.0,0,0
2025-09-08,88,9,37,210724.0,127155.0,44898.0,15020.0,0.0,65647.0,0,0,0,0,1029.0,1.2,2.1,2250029.0,32361.0,1.44,6.51,540891.0,28335.0,5.24,4.49,657099.0,6827.0,1.04,6.58,0.0,0.0,0.0,0.0,30040.0,7028.0,23.4,7.4,29102.0,7739.0,110.4,103.8,333.0,98.0,0,0,8273.0,6854.0,3.8,1181.0,8410762.0,8091153.0,0,0
2025-09-15,89,9,38,209451.0,114333.0,131306.0,19849.0,58414.0,76623.0,0,0,0,0,1034.0,2.2,3.0,1989589.0,21187.0,1.06,9.89,488304.0,25907.0,5.31,4.41,1858867.0,16882.0,0.91,7.78,971041.0,20849.0,2.15,2.8,39698.0,7553.0,19.03,9.7,29366.0,8068.0,109.4,104.3,403.0,95.2,0,0,8588.0,7773.0,3.0,1084.0,8684632.0,8424093.0,0,0
2025-09-22,90,9,39,221783.0,125905.0,89377.0,0.0,28803.0,75871.0,0,0,0,0,1028.0,2.1,3.5,2136795.0,24718.0,1.16,8.97,482516.0,19278.0,4.0,6.53,1271653.0,11217.0,0.88,7.97,521200.0,9228.0,1.77,3.12,0.0,0.0,0.0,9.4,28026.0,6302.0,104.5,105.2,341.0,95.2,0,0,8606.0,7659.0,3.4,1092.0,8661182.0,8366701.0,0,0
2025-09-29,91,9,40,183686.0,138490.0,105979.0,14932.0,62994.0,122015.0,1,0,0,1,1028.0,22.6,31.7,1550010.0,19828.0,1.28,9.26,536378.0,27110.0,5.05,5.11,1602025.0,16445.0,1.03,6.44,1045433.0,19639.0,1.88,3.21,29864.0,7641.0,25.59,12.2,29496.0,6850.0,107.9,114.2,403.0,94.3,0,0,8886.0,7839.0,4.2,864.0,7070341.0,6773387.0,0,1
2025-10-06,92,10,41,169783.0,136949.0,64722.0,17835.0,38473.0,62297.0,1,1,0,1,1032.0,21.1,33.0,1424911.0,17972.0,1.26,9.45,572031.0,25474.0,4.45,5.38,919086.0,8868.0,0.96,7.3,639642.0,14050.0,2.2,2.74,35670.0,7047.0,19.76,8.0,29960.0,7385.0,105.9,119.0,338.0,97.5,0,0,9021.0,7861.0,3.9,898.0,7345331.0,7058863.0,0,1
2025-10-13,93,10,42,185474.0,106636.0,105398.0,18457.0,33561.0,85918.0,1,0,0,1,1016.0,18.0,28.7,1691099.0,18628.0,1.1,9.96,399218.0,18713.0,4.69,5.7,1374420.0,13505.0,0.98,7.8,533817.0,12114.0,2.27,2.77,36914.0,8859.0,24.0,9.8,30311.0,8293.0,109.3,123.3,402.0,95.5,0,1,8705.0,7574.0,9.5,867.0,7252310.0,6563340.0,1,0
2025-10-20,94,10,43,124401.0,135151.0,115571.0,0.0,50909.0,47021.0,1,0,0,1,1036.0,25.8,43.8,1146680.0,9476.0,0.83,13.13,523137.0,24878.0,4.76,5.43,1632443.0,13566.0,0.83,8.52,856608.0,16987.0,1.98,3.0,0.0,0.0,0.0,6.2,30731.0,7840.0,107.7,124.6,369.0,99.0,0,0,8511.0,7146.0,4.6,873.0,6542508.0,6241552.0,1,0
2025-10-27,95,10,44,132431.0,139203.0,86524.0,12809.0,53210.0,89894.0,1,0,0,1,1032.0,22.0,26.7,1037772.0,12146.0,1.17,10.9,560817.0,28435.0,5.07,4.9,1242755.0,9866.0,0.79,8.77,909684.0,18291.0,2.01,2.91,25618.0,5952.0,23.23,9.9,29848.0,8320.0,106.4,124.9,448.0,99.1,0,0,8603.0,7284.0,3.3,919.0,6925071.0,6696544.0,1,0
2025-11-03,96,11,45,136956.0,220475.0,86830.0,17898.0,42203.0,73544.0,0,1,0,0,1033.0,2.9,3.9,1227224.0,10343.0,0.84,13.24,955041.0,43406.0,4.54,5.08,1251887.0,10525.0,0.84,8.25,660608.0,14471.0,2.19,2.92,35796.0,8788.0,24.55,9.2,31519.0,9122.0,106.6,126.4,408.0,97.2,0,1,8869.0,8102.0,9.4,995.0,8895988.0,8059765.0,1,1
2025-11-10,97,11,46,148937.0,194349.0,88193.0,0.0,66777.0,52435.0,0,0,0,0,1041.0,6.0,9.8,1355498.0,17787.0,1.31,8.37,740690.0,39477.0,5.33,4.92,1276326.0,10662.0,0.84,8.27,1101872.0,22389.0,2.03,2.98,0.0,0.0,0.0,6.4,31091.0,8726.0,108.4,124.5,444.0,96.4,0,0,8863.0,7742.0,4.1,1074.0,8672800.0,8317215.0,0,0
2025-11-17,98,11,47,211722.0,112802.0,59486.0,17138.0,34845.0,66113.0,0,0,0,0,1018.0,3.2,4.9,1891900.0,21238.0,1.12,9.97,389373.0,18185.0,4.67,6.2,923481.0,9134.0,0.99,6.51,553085.0,9471.0,1.71,3.68,34276.0,8258.0,24.09,8.5,29908.0,8954.0,107.7,123.8,365.0,95.5,0,0,8699.0,7476.0,3.6,1105.0,8572203.0,8263604.0,0,0
2025-11-24,99,11,48,153156.0,126571.0,76651.0,0.0,46199.0,67701.0,0,0,0,0,1018.0,3.1,4.6,1304612.0,16180.0,1.24,9.47,434315.0,21064.0,4.85,6.01,1003892.0,10158.0,1.01,7.55,925507.0,16790.0,1.81,2.75,0.0,0.0,0.0,8.6,29866.0,8373.0,105.9,121.6,396.0,93.9,0,0,8250.0,7202.0,4.9,1075.0,8138146.0,7739377.0,0,0
2025-12-01,100,12,49,175175.0,100242.0,76747.0,17725.0,43864.0,65164.0,0,1,0,0,1036.0,3.8,4.7,1525226.0,15056.0,0.99,11.63,362538.0,14762.0,4.07,6.79,1111905.0,9823.0,0.88,7.81,725838.0,14932.0,2.06,2.94,35450.0,8718.0,24.59,7.9,29201.0,8415.0,105.7,119.6,357.0,94.9,0,0,8284.0,7480.0,4.5,1054.0,8256099.0,7884575.0,0,0
2025-12-08,101,12,50,267101.0,119598.0,92859.0,14702.0,51628.0,163381.0,1,0,0,1,1034.0,21.3,30.0,2394077.0,21859.0,0.91,12.22,430685.0,25111.0,5.83,4.76,1470763.0,15717.0,1.07,5.91,973690.0,22532.0,2.31,2.29,29404.0,5940.0,20.2,17.5,31726.0,9092.0,103.7,115.9,385.0,93.5,0,0,9175.0,8061.0,4.2,887.0,7466230.0,7152648.0,0,1
2025-12-15,102,12,51,177018.0,143653.0,115564.0,13703.0,57009.0,70470.0,1,0,0,1,1036.0,22.9,39.4,1620987.0,18398.0,1.13,9.62,567548.0,27021.0,4.76,5.32,1437004.0,15241.0,1.06,7.58,935396.0,22711.0,2.43,2.51,27406.0,6188.0,22.58,7.6,30950.0,8617.0,105.5,111.8,392.0,90.5,0,0,9436.0,8278.0,5.1,864.0,7537062.0,7152671.0,0,1
2025-12-22,103,12,52,233269.0,171992.0,56396.0,18506.0,38810.0,66038.0,1,0,0,1,1031.0,15.2,18.5,2225753.0,24385.0,1.1,9.57,625550.0,30664.0,4.9,5.61,817319.0,7574.0,0.93,7.45,660391.0,14503.0,2.2,2.68,37012.0,8356.0,22.58,7.8,29610.0,8414.0,101.7,112.1,376.0,91.3,0,0,9237.0,8291.0,3.1,944.0,8075798.0,7825449.0,0,1
2025-12-29,104,12,1,153993.0,117033.0,78424.0,17257.0,65355.0,28692.0,1,0,0,1,1041.0,15.4,22.1,1526374.0,15828.0,1.04,9.73,442540.0,16419.0,3.71,7.13,1069086.0,8718.0,0.82,9.0,979983.0,20287.0,2.07,3.22,34514.0,7971.0,23.09,3.6,29863.0,8803.0,101.0,112.9,354.0,89.3,0,0,8712.0,7386.0,4.0,997.0,7672536.0,7365635.0,0,1
2026-01-05,105,1,2,185202.0,119038.0,138018.0,15194.0,53675.0,49333.0,0,1,1,1,1043.0,21.4,37.8,1644471.0,18274.0,1.11,10.13,447560.0,18247.0,4.08,6.52,1914070.0,20811.0,1.09,6.63,863153.0,18886.0,2.19,2.84,30388.0,6914.0,22.75,5.8,31052.0,8012.0,104.1,111.4,346.0,89.6,0,0,8947.0,7921.0,4.2,887.0,7334733.0,7026674.0,0,0
2026-01-12,106,1,3,154130.0,88483.0,63536.0,0.0,29903.0,65569.0,0,0,0,1,1040.0,29.9,36.8,1350971.0,20714.0,1.53,7.44,341676.0,17838.0,5.22,4.96,844278.0,7543.0,0.89,8.42,506849.0,9358.0,1.85,3.2,0.0,0.0,0.0,8.7,28179.0,7638.0,104.5,112.7,306.0,89.5,0,0,8421.0,7258.0,3.5,816.0,6139246.0,5924372.0,0,0
2026-01-19,107,1,4,180016.0,131859.0,61996.0,15625.0,29355.0,54236.0,0,0,0,0,1034.0,2.5,4.1,1694822.0,20607.0,1.22,8.74,586298.0,27308.0,4.66,4.83,873725.0,7983.0,0.91,7.77,555436.0,10906.0,1.96,2.69,31250.0,6007.0,19.22,6.6,29565.0,7722.0,106.9,113.8,361.0,89.5,0,0,8444.0,7331.0,4.2,1112.0,8512819.0,8155280.0,0,0
2026-01-26,108,1,5,242348.0,110364.0,89003.0,16790.0,52712.0,137586.0,0,0,0,0,1020.0,0.1,0.1,2313501.0,28864.0,1.25,8.4,465464.0,16648.0,3.58,6.63,1473257.0,12730.0,0.86,6.99,894274.0,16201.0,1.81,3.25,33580.0,8061.0,24.01,15.6,30440.0,8769.0,107.5,109.4,433.0,94.7,0,0,8723.0,7309.0,3.3,1176.0,8888563.0,8595240.0,0,0
2026-02-02,109,2,6,127864.0,123023.0,111764.0,17415.0,49588.0,68632.0,0,1,0,0,1043.0,1.1,1.9,1122716.0,13666.0,1.22,9.36,492727.0,25115.0,5.1,4.9,1443022.0,11672.0,0.81,9.58,923210.0,15895.0,1.72,3.12,34830.0,7806.0,22.41,8.3,28588.0,7276.0,110.2,108.3,344.0,95.6,0,1,8937.0,8077.0,9.9,1028.0,9218757.0,8306100.0,0,0
2026-02-09,110,2,7,220060.0,114995.0,83751.0,15257.0,51445.0,132063.0,0,0,0,0,1047.0,0.0,0.0,2131128.0,27997.0,1.31,7.86,443324.0,18689.0,4.22,6.15,1089571.0,8222.0,0.75,10.19,902512.0,18787.0,2.08,2.74,30514.0,7531.0,24.68,16.9,30600.0,8739.0,112.4,110.0,356.0,96.7,0,0,8414.0,7610.0,4.6,1104.0,8809458.0,8404223.0,0,0
2026-02-16,111,2,8,210024.0,134748.0,133217.0,17987.0,52701.0,76077.0,0,0,0,1,1043.0,15.2,26.3,2064955.0,22202.0,1.08,9.46,520631.0,27752.0,5.33,4.86,1714856.0,16651.0,0.97,8.0,1000482.0,20460.0,2.05,2.58,35974.0,7879.0,21.9,9.8,29273.0,8312.0,112.9,111.0,485.0,94.0,0,0,9311.0,8261.0,4.2,955.0,8235244.0,7889364.0,0,0
2026-02-23,112,2,9,171015.0,96806.0,113264.0,15487.0,56952.0,75281.0,0,0,0,0,1031.0,2.7,3.6,1723929.0,14819.0,0.86,11.54,397511.0,17700.0,4.45,5.47,1857849.0,15220.0,0.82,7.44,944727.0,20520.0,2.17,2.78,30974.0,5921.0,19.12,11.4,29166.0,8661.0,113.9,108.0,386.0,93.7,0,0,8766.0,7675.0,2.9,1113.0,8793727.0,8538709.0,0,0
2026-03-02,113,3,10,138555.0,102806.0,113010.0,15788.0,70833.0,71167.0,0,1,0,0,1044.0,2.4,3.6,1452161.0,15616.0,1.08,8.87,430898.0,19873.0,4.61,5.17,1555806.0,20214.0,1.3,5.59,1429319.0,30522.0,2.14,2.32,31576.0,7651.0,24.23,8.3,30403.0,7294.0,114.5,108.1,424.0,95.0,0,0,8625.0,7654.0,3.4,1109.0,8788392.0,8489587.0,0,0
2026-03-09,114,3,11,203022.0,211474.0,0.0,20623.0,0.0,74232.0,0,0,0,0,1046.0,4.6,7.7,1722059.0,20881.0,1.21,9.72,786653.0,40779.0,5.18,5.19,0.0,0.0,0.0,0.0,0.0,0.0,0.0,0.0,41246.0,8744.0,21.2,9.2,30479.0,8436.0,112.6,109.9,441.0,93.9,0,0,9262.0,7847.0,4.3,1127.0,9242402.0,8844978.0,0,0
2026-03-16,115,3,12,175108.0,106993.0,191236.0,14395.0,37616.0,160684.0,0,0,0,0,1052.0,4.8,6.5,1593662.0,15604.0,0.98,11.22,429223.0,17343.0,4.04,6.17,2645316.0,20473.0,0.77,9.34,589647.0,12608.0,2.14,2.98,28790.0,6554.0,22.77,21.0,29793.0,8359.0,108.3,110.4,442.0,96.5,0,0,8783.0,7837.0,4.0,1077.0,8796210.0,8444361.0,0,0
2026-03-23,116,3,13,212394.0,111374.0,79045.0,11729.0,38572.0,26119.0,0,0,0,0,1033.0,2.7,3.6,1932597.0,20813.0,1.08,10.2,378668.0,15126.0,3.99,7.36,1047041.0,10018.0,0.96,7.89,583552.0,11611.0,1.99,3.32,23458.0,4837.0,20.62,3.3,30038.0,8858.0,109.0,108.7,355.0,94.8,0,0,8714.0,7906.0,2.4,1081.0,8758520.0,8548315.0,0,0
2026-03-30,117,3,14,201993.0,200664.0,42249.0,21469.0,58481.0,30153.0,0,0,1,1,1038.0,14.7,17.9,1821949.0,18445.0,1.01,10.95,816366.0,35880.0,4.4,5.59,592309.0,6405.0,1.08,6.6,1174496.0,24683.0,2.1,2.37,42938.0,11135.0,25.93,3.6,30287.0,8861.0,110.7,106.4,410.0,95.1,0,1,9196.0,8066.0,10.2,906.0,8142267.0,7311756.0,0,0
2026-04-06,118,4,15,300579.0,248952.0,149800.0,24739.0,78024.0,58152.0,0,1,0,0,1046.0,3.9,6.9,2594229.0,34173.0,1.32,8.8,1058414.0,52599.0,4.97,4.73,2605085.0,23628.0,0.91,6.34,1388505.0,25453.0,1.83,3.07,49478.0,9972.0,20.15,6.2,31339.0,8332.0,113.7,103.9,360.0,94.8,0,1,9544.0,8078.0,9.6,1074.0,9593686.0,8672692.0,0,0
2026-04-13,119,4,16,190171.0,110380.0,73011.0,15898.0,47258.0,74778.0,0,0,0,0,1041.0,3.8,6.2,1535104.0,18475.0,1.2,10.29,431738.0,16560.0,3.84,6.67,1165885.0,11239.0,0.96,6.5,766859.0,16033.0,2.09,2.95,31796.0,6763.0,21.27,8.9,30579.0,8144.0,109.5,104.3,518.0,95.9,0,0,8938.0,7509.0,3.5,1150.0,8950889.0,8637607.0,0,0
2026-04-20,120,4,17,156708.0,129877.0,89261.0,12648.0,25432.0,101395.0,0,0,0,1,1032.0,22.2,35.1,1435220.0,17071.0,1.19,9.18,600765.0,22130.0,3.68,5.87,1191049.0,8592.0,0.72,10.39,468408.0,10151.0,2.17,2.51,25296.0,5625.0,22.24,11.4,28789.0,6719.0,106.6,103.9,356.0,95.3,0,0,8769.0,7451.0,4.6,901.0,7040595.0,6716728.0,0,0
2026-04-27,121,4,18,212210.0,149987.0,136339.0,16158.0,32357.0,92007.0,0,0,0,0,1045.0,4.5,7.4,1814169.0,21501.0,1.19,9.87,559109.0,27774.0,4.97,5.4,2051262.0,17020.0,0.83,8.01,569784.0,10516.0,1.85,3.08,32316.0,6374.0,19.72,9.7,30087.0,8966.0,108.3,104.5,381.0,95.5,0,0,8891.0,7687.0,3.6,1113.0,8872996.0,8553568.0,0,0
2026-05-04,122,5,19,214917.0,198339.0,49353.0,16233.0,42082.0,62588.0,0,1,1,1,1046.0,23.8,36.2,1967278.0,21544.0,1.1,9.98,807277.0,33792.0,4.19,5.87,659668.0,5219.0,0.79,9.46,820834.0,16519.0,2.01,2.55,32466.0,7383.0,22.74,7.2,30101.0,7236.0,108.3,103.9,384.0,95.8,0,0,9598.0,8163.0,3.6,903.0,7650105.0,7374701.0,0,0
2026-05-11,123,5,20,286446.0,115453.0,55964.0,16486.0,45774.0,117748.0,0,0,1,1,1043.0,19.2,28.5,2443780.0,27526.0,1.13,10.41,460490.0,19769.0,4.29,5.84,693575.0,4973.0,0.72,11.25,674047.0,12509.0,1.86,3.66,32972.0,8523.0,25.85,13.3,28937.0,8044.0,103.6,104.8,366.0,95.1,0,0,9341.0,7978.0,4.2,945.0,7872072.0,7541445.0,0,0
2026-05-18,124,5,21,251899.0,134179.0,49667.0,14368.0,47943.0,118400.0,0,0,0,0,1044.0,1.6,2.4,2097141.0,20010.0,0.95,12.59,532427.0,19174.0,3.6,7.0,769824.0,7026.0,0.91,7.07,782266.0,14687.0,1.88,3.26,28736.0,6019.0,20.95,15.7,29570.0,8388.0,105.4,104.0,482.0,96.7,0,0,9267.0,8278.0,5.1,1091.0,9519952.0,9034434.0,0,0
2026-05-25,125,5,22,224071.0,164959.0,66078.0,18540.0,54905.0,80948.0,0,0,0,0,1041.0,4.1,6.5,2075551.0,17562.0,0.85,12.76,653829.0,27120.0,4.15,6.08,1035773.0,7122.0,0.69,9.28,881842.0,15410.0,1.75,3.56,37080.0,8486.0,22.89,10.7,32106.0,8197.0,101.4,104.9,526.0,97.6,0,0,9285.0,8033.0,5.0,1096.0,9269392.0,8805922.0,0,0
2026-06-01,126,6,23,296210.0,154344.0,102069.0,0.0,49501.0,114970.0,0,1,1,1,1055.0,17.6,23.2,2725528.0,30526.0,1.12,9.7,622689.0,27996.0,4.5,5.51,1585402.0,12175.0,0.77,8.38,704515.0,16402.0,2.33,3.02,0.0,0.0,0.0,13.1,30958.0,7334.0,100.2,105.8,411.0,97.8,0,0,9261.0,7841.0,4.2,984.0,8050773.0,7712640.0,0,0
2026-06-08,127,6,24,153017.0,131499.0,105450.0,13610.0,74576.0,84324.0,0,0,0,0,1036.0,1.6,2.8,1457046.0,16663.0,1.14,9.18,562916.0,28323.0,5.03,4.64,1450854.0,12243.0,0.84,8.61,1352968.0,30751.0,2.27,2.43,27220.0,5965.0,21.91,10.3,29064.0,6833.0,104.9,102.8,378.0,97.4,1,0,7423.0,6575.0,4.3,1101.0,7567184.0,7241795.0,0,0
2026-06-15,128,6,25,175967.0,138305.0,96976.0,0.0,44510.0,57963.0,0,0,0,0,1039.0,5.3,8.9,1905387.0,24232.0,1.27,7.26,617683.0,25339.0,4.1,5.46,1367010.0,11135.0,0.81,8.71,725959.0,15486.0,2.13,2.87,0.0,0.0,0.0,6.0,27966.0,8069.0,109.5,98.3,339.0,99.2,0,0,8947.0,7662.0,4.5,1097.0,8803249.0,8407102.0,0,0
2026-06-22,129,6,26,164201.0,108120.0,53855.0,23217.0,42154.0,102207.0,0,0,0,0,1044.0,2.6,3.7,1526220.0,20272.0,1.33,8.1,432402.0,23740.0,5.49,4.55,816916.0,7710.0,0.94,6.98,745392.0,18888.0,2.53,2.23,46434.0,9413.0,20.27,12.2,29458.0,7684.0,106.2,102.0,420.0,98.9,0,0,8899.0,7753.0,3.2,1130.0,9049002.0,8759433.0,0,0
2026-06-29,130,6,27,142855.0,105296.0,58239.0,24690.0,35010.0,117848.0,0,0,0,0,1050.0,2.7,4.6,,,,,,,,,,,,,,,,,,,,,,,,100.3,,97.2,0,0,9221.0,8018.0,4.4,1123.0,9420294.0,9005801.0,0,0
2026-07-06,131,7,28,158182.0,114711.0,49651.0,20110.0,28217.0,123477.0,0,1,0,0,1038.0,6.0,8.1,,,,,,,,,,,,,,,,,,,,,,,,101.2,,99.8,0,0,9033.0,7855.0,3.2,1086.0,8813644.0,8531608.0,0,0
2026-07-13,132,7,29,160395.0,107353.0,56347.0,17450.0,25146.0,106853.0,0,0,0,1,1038.0,16.2,24.2,,,,,,,,,,,,,,,,,,,,,,,,100.3,,96.3,0,0,9516.0,8275.0,3.8,962.0,8277188.0,7962655.0,0,0
